ABC Paintball,1745 Greenwood Lake Tpk.,Hewitt,NJ,07421
Action Paintball Games,9648 Kiefer Bl. Suite C,Sacramento,CA,95827
Adventure Zone,1826 55th,Invergrove Hgts.,MN,55077
Air America,914 Greenwood Road,Glenview,IL,60025
Air Power,509 Viking Drive Unit E,Virginia Beach,VA,23452
ANS & Paintball,3885 Cochran,Simi Valley,CA,93063
Assault Paintball Supply,3020 So. 4760 West,West Valley City,UT,84120
B&B Paintball,1327 NE 32 Place,Ocala,FL,34479
Bad Boyz Toyz,17913 Torrance Ave.,Lansing,IL,60438
Barritz Paintball,806 Sampson St.,Houston,TX,77003
Battle Zone,1504 W. Hatcher,Phoenix,AZ,85021
Battleground,14402 Adams,Livonia,MI,48152
Bear Creek Archery,200 Walnut Street,Kincaid,IL,62540
Belsco,213 E. Verot School Road,Lafayette,LA,70508
Bill's Paintball,1216 Anniston Beach Rd. #5,Anniston,AL,36206
Bonnie Bowman Archery,2511 W. Winton Ave  Suite 3G,Hayward,CA,94545
Butch's Paintball,21621 Pacific Highway South,Des Moine,WA,98198
Camo Bunker,5627 Rivers Ave.,Charleston,SC,29406
Canyon Paintball,36650 Cathedral Cyn Dr.,Cathedral City,CA,92234
Craig Worsham,1817 E. Salt Sage Drive,Phoenix,AZ,85048
Delta Archery,1820D Arnold Ind. Hwy.,Concord,CA,94520
DJ's Paintball Paradise,36335E Groesbeck Highway,Mt. Clemens,MI,48035
ET Paintball,15 Madonna Place,Garfield,NJ,07025
Filo's Custom Works,4455 W. Cache Rd.,Lawton,OK,73506
Flag Station,737 Meeker Ave.,Brooklyn,NY,11222
Fortress Paintball,40 Jarvis,Binghampton,NY,13905
Foxxhole Technologies,132 W. Elmwood,Clawson,MI,48017
Georgia Paintball,1298-F Roswell Rd.,Marrietta,GA,30062
Gotcha Paintball,2437 N. 5th Street,Springfield,IL,62707
Gramps & Grizzly's Outpost,7203 Arlington Ave. Unit F,Riverside,CA,92593
Ground Zero,RD2 Box 173,Dover,DE,19904
Hawaii Custom Guns,2916 Nuvano Road,Honolulu,HI,96819
Hellfire Paintball,24260 Hampton Hill,Novi,MI,48375
Hole In The Wall Paintball,29500 Pacific Hwy S. Suite H,Federal Way,WA,98003
Hunter's Headquarters,2200 Airport Freeway #480,Bedford,TX,76022
Hurricane Paintball Supply,5960 Lakehurst Dr.,Orlando,FL,32819
I&I Sports,1524 W. 178th St.,Gardena,CA,90248
Indian Springs,2964 Barber Road,Norton,OH,44203
Intense Marketing,1421 Roper Mountain Road #204,Greenville,SC,29615
Island Paintball,15 Bluebird Lane,Huntington,NY,11743
K&B Bargain Store,Box 113 Old Route 220 South,Duncansville,PA,16635
LAPCO Paintball Products,9606 Carroll Canyon Rd H9,San Diego,CA,92026
Lewis Glen Enterprises,101 Illinois Street,Camdenton,MO,65020
Limited Run Productions,1217 W. Hatcher #19,Phoenix,AZ,85021
Mayhem Pro Shop,5505 Suite 39  6th St. S.W.,Cedar Rapids,IA,52404
Mr. Paintball,525 N. Andreasen Suite C,Escondido,CA,92029
Nashville Paintball Sports,406 Woodbine St.,Nashville,TN,37211
Northeast Survival,4197 Pearl Rd.,Cleveland,OH,44109
Olympic Paintball,21 Dolly Drive,Parsnippany,NJ,07054
P&P Paintball Connection,30917 Dequendre,Madison Heights,MI,48071
Pacific Paintball,119 College Ave. #1,Santa Rosa,CA,95401
Paint Slingers,1402 15th St.,Moline,IL,61256
Paint-Ball Action,213 Dallas N.E.,Albuquerque,NM,87109
Paintball Concepts,2011 Dover Court,Oldsmar,FL,34677
Paintball Express,1812 H Pulaski Highway,Edgewood,MD,21040
Paintball Mania,4951 Sean Drive,Imperial,MO,63062
Paintball Playground,179 Reaching Hill Road,Winstead,CT,06098
Paintball Pro Shop MD,4109 Ritchie Highway,Brooklyn Park,MD,21225
Paintball Pro Shop,421 El Cajon Blvd.,El Cajon,CA,92041
Paintball Sports,15932 B Shady Grove Road,Gaithersburg,MD,20877
Palmers Pursuit,3951 Development Dr. #3,Sacramento,CA,95838
Panhandle Paintball,104 N. 28th  #96,Canyon,TX,79015
Panther Paintball,1023 Route 23 North,Wayne,NJ,07470
Park's Paintball World,927 West Saginaw,Lansing,MI,48915
Paterson Gunsmithing,438 Main St.,Paterson,NJ,07502
Pine Bluff Paintball,7260 Rustic Circle,Pine Bluff,AR,71603
Point Break,716 S. Main,Fuquqyvarna,NC,27526
Predator Marketing,4626 Watt Avenue,Sacramento,CA,95660
Prime Time Paintball,105 Camp Creek Trail,Peachtree City,GA,30269
Pro Arms,3695 S. Redwood Road,West Valley City,UT,84119
PW Paintball,P.O. Box 413,No. Attleboro,MA,02761
Russell Manufacturing,13709 So. Cordary Unit 6,Hawthorne,CA,90250
San Diego Paintball Supply,8710 Troy Street,Spring Valley,CA,91977
Shirley's Hosers and Snipers,37644 Trilby Road,Dade City,FL,33525
Shooters World,3828 N. 28th Ave,Phoenix,AZ,85017
Splat, Inc,P.O. Box 69,Newry,PA,16665
Street Sweepers,RR#2 Box 157A,Taylorsville,CA,62568
Tactical Airgun Games,216-B Cannons Ferry Road,Tyner,NC,27980
The Paintball Store,2085 River Road Unit E,Norco,CA,91760
Thrill Seekers,2525 NW Division St.,Gresham,OR,97030
Unique Outdoor Supplies,4968 98th Avenue,Edmonton,ALTA,T6B 2Y7
Unique Sporting Goods,10680 W. Katella Avenue,Anaheim,CA,92804
UP Rail & Paintball,236 Weston Ave,Manistique,MI,49854
Urban Assault,447 Washington Ave,Bridgeville,PA,15017
Vermont Paintball,Trailside,Bolton,VT,05477
W.A.P.,31710 Mound Road.,Warren,MI,48092
