
                Who is who?
                -----------

    Lange versprochen und im ersten Teil fertig, das Verzeichnis aller
    EPD-User, die mir erlaubt haben, ihre Namen und Adressen zu veröffent-
    lichen.

    Sollte jemand sehen, daß er nicht aufgeführt ist bzw. nicht mehr aufge-
    führt werden möchte, so soll er mir dieses bitte kund tun.

    Stand: 01.10.1994

- - - - - - - - - - - - - - - - - - - - - - - - - - - - - - - - - - - - - -

Sortiert nach Nachnamen
=======================

    Rolf Breuer            - Marktstr. 13           - 45891 Gelsenkirchen
    Friedhelm Bunk         - ZetelerStr.1           - 26446 Horsten
    Gerald Fischer         - ConradStr. 82          - 47425 Camp-Lintfort
    Daniel van Gerpen      - Alter Postweg 3        - 26759 Hinte
    Gregor Goldbach        - Grüner Weg 10          - 21423 Pattensen
    Sebastian Hesselbarth  - Multhöpen 13           - 31855 Aerzen
    Ulrich Künsting        - Freisenbruch 6         - 44867 Bochum
    Christoph Lange        - Altdorferstr. 19       - 63739 Aschaffenburg
    Jan Parthey            - Oberbeckenstr. 26      - 08352 Markersbach
    Mario Reske            - Zielona-Gorastr. 31    - 03050 Cottbus
    Thomas Schäfer         - Schubertstraße 10      - 63743 Aschaffenburg-Obernau
    Robert Skarwecki       - Vohensteinweg 14       - 74523 Schwäbisch Hall
    Christian Sonntag      - Ziegelweg 7            - 83109 Großkarolinenfeld
    Jan Soppart            - H.Mann-Str. 32         - 18435 Stralsund
    Robert Sowa            - Im Zehntfeld 12        - 53842 Troisdorf 14
    Jörg Wach              - Waitzstr. 75           - 24105 Kiel
    Gerhard Wilhelm        - Heiterwangerstr. 48    - 81373 München
    Stefan Witt            - Süderstr. 49           - 25813 Husum
    Markus Wältl           - Carl-Orff-Str.19       - 83024 Rosenheim

Sortiert nach PLZ
=================

    Mario Reske            - Zielona-Gorastr. 31    - 03050 Cottbus
    Jan Parthey            - Oberbeckenstr. 26      - 08352 Markersbach
    Jan Soppart            - H.Mann-Str. 32         - 18435 Stralsund
    Gregor Goldbach        - Grüner Weg 10          - 21423 Pattensen
    Jörg Wach              - Waitzstr. 75           - 24105 Kiel
    Stefan Witt            - Süderstr. 49           - 25813 Husum
    Friedhelm Bunk         - ZetelerStr.1           - 26446 Horsten
    Daniel van Gerpen      - Alter Postweg 3        - 26759 Hinte
    Sebastian Hesselbarth  - Multhöpen 13           - 31855 Aerzen
    Ulrich Künsting        - Freisenbruch 6         - 44867 Bochum
    Rolf Breuer            - Marktstr. 13           - 45891 Gelsenkirchen
    Gerald Fischer         - ConradStr. 82          - 47425 Camp-Lintfort
    Robert Sowa            - Im Zehntfeld 12        - 53842 Troisdorf 14
    Christoph Lange        - Altdorferstr. 19       - 63739 Aschaffenburg
    Thomas Schäfer         - Schubertstraße 10      - 63743 Aschaffenburg-Obernau
    Robert Skarwecki       - Vohensteinweg 14       - 74523 Schwäbisch Hall
    Gerhard Wilhelm        - Heiterwangerstr. 48    - 81373 München
    Markus Wältl           - Carl-Orff-Str.19       - 83024 Rosenheim
    Christian Sonntag      - Ziegelweg 7            - 83109 Großkarolinenfeld




